id,category,chapter,place,quest,scName,scPriority,item01,item02,item03,item04,item05,item06,item07,item08,item09,item10,item11,item12
93000001,フリクエ1部,冬木,未確認座標X-A,屋敷跡,未確認座標X-A,100100,骨,剣輝,,,,,,,,,,
93000002,フリクエ1部,冬木,未確認座標X-B,爆心地,未確認座標X-B,100200,骨,剣輝,槍輝,,,,,,,,,
93000003,フリクエ1部,冬木,未確認座標X-C,大橋,未確認座標X-C,100300,骨,剣輝,槍輝,,,,,,,,,
93000004,フリクエ1部,冬木,未確認座標X-D,紅く染まった港,未確認座標X-D,100400,骨,剣輝,弓輝,,,,,,,,,
93000005,フリクエ1部,冬木,未確認座標X-E,骸彷徨う教会,未確認座標X-E,100500,骨,塵,騎ピ,剣輝,弓輝,,,,,,,
93000006,フリクエ1部,冬木,未確認座標X-F,焼け崩れた校舎,未確認座標X-F,100600,骨,塵,槍ピ,殺ピ,剣輝,弓輝,,,,,,
93000007,フリクエ1部,冬木,未確認座標X-G,燃え盛る森,未確認座標X-G,100700,骨,剣輝,弓輝,槍輝,,,,,,,,
93000008,フリクエ1部,冬木,変動座標点0号,大空洞,変動座標点0号,100800,牙,塵,剣ピ,剣輝,弓輝,殺輝,,,,,,
93000101,フリクエ1部,オルレアン,ドンレミ,ジャンヌ生誕の地,ドンレミ,100900,証,剣輝,槍輝,,,,,,,,,
93000102,フリクエ1部,オルレアン,ヴォークルール,始まりの砦,ヴォークルール,101000,骨,牙,剣輝,騎輝,,,,,,,,
93000103,フリクエ1部,オルレアン,ラ・シャリテ,ロワールの畔,ラ・シャリテ,101100,証,牙,槍輝,騎輝,,,,,,,,
93000104,フリクエ1部,オルレアン,ジュラ,太古の森,ジュラ,101200,種,牙,塵,騎ピ,剣輝,槍輝,騎輝,殺輝,,,,
93000105,フリクエ1部,オルレアン,リヨン,死者の街,リヨン,101300,証,塵,殺ピ,剣輝,槍輝,,,,,,,
93000109,フリクエ1部,オルレアン,マルセイユ,地中海を臨む,マルセイユ,101400,証,剣輝,槍輝,,,,,,,,,
93000106,フリクエ1部,オルレアン,ティエール,刃物の町,ティエール,101500,牙,塵,狂ピ,騎輝,,,,,,,,
93000110,フリクエ1部,オルレアン,ボルドー,ワインで乾杯,ボルドー,101600,種,剣輝,槍輝,殺輝,,,,,,,,
93000107,フリクエ1部,オルレアン,オルレアン,運命の砦,オルレアン,101700,骨,牙,塵,術ピ,槍輝,騎輝,騎魔,騎猛火,,,,
93000108,フリクエ1部,オルレアン,パリ,芸術の都,パリ,101800,骨,牙,塵,剣ピ,弓ピ,槍ピ,弓輝,騎輝,騎魔,騎猛火,,
93000201,フリクエ1部,セプテム,アッピア街道,街道の女王,アッピア街道,101900,証,塵,狂ピ,剣輝,弓輝,槍輝,,,,,,
93000202,フリクエ1部,セプテム,ローマ,ローマは一日にして成らず,ローマ,102000,証,剣輝,槍輝,,,,,,,,,
93000209,フリクエ1部,セプテム,エトナ火山,沸き立つ大地,エトナ火山,102100,ランタン,殺輝,,,,,,,,,,
93000203,フリクエ1部,セプテム,フロレンティア,花の都,フロレンティア,102200,証,剣輝,弓輝,槍輝,,,,,,,,
93000204,フリクエ1部,セプテム,メディオラヌム,平原の真中,メディオラヌム,102300,証,剣輝,槍輝,,,,,,,,,
93000211,フリクエ1部,セプテム,ゲルマニア,黒い森,ゲルマニア,102400,爪,骨,剣輝,弓輝,槍輝,狂魔,狂猛火,,,,,
93000205,フリクエ1部,セプテム,マッシリア,いにしえの港,マッシリア,102500,証,塵,騎ピ,狂ピ,剣輝,槍輝,,,,,,
93000206,フリクエ1部,セプテム,ガリア,燻る戦火,ガリア,102600,八連,証,塵,剣ピ,弓輝,槍輝,狂輝,,,,,
93000210,フリクエ1部,セプテム,ブリタニア,霧深き森,ブリタニア,102700,種,剣輝,槍輝,殺輝,,,,,,,,
93000207,フリクエ1部,セプテム,形ある島,女神の洞窟,形ある島,102800,骨,塵,狂ピ,弓輝,槍輝,,,,,,,
93000208,フリクエ1部,セプテム,連合首都,ローマの地平,連合首都,102900,八連,証,塵,狂ピ,剣輝,弓輝,狂輝,,,,,
93000301,フリクエ1部,オケアノス,海賊船,私掠船団,海賊船,103000,証,剣輝,弓輝,,,,,,,,,
93000302,フリクエ1部,オケアノス,海賊島,海賊のアジト,海賊島,103100,証,塵,騎ピ,騎モ,弓輝,狂輝,,,,,,
93000303,フリクエ1部,オケアノス,王の住まう島,呪われし海賊たち,王の住まう島,103200,証,塵,狂ピ,狂モ,弓輝,狂輝,,,,,,
93000304,フリクエ1部,オケアノス,地図に記された島,牡牛の迷宮,地図に記された島,103300,牙,塵,狂ピ,狂モ,剣輝,弓輝,,,,,,
93000309,フリクエ1部,オケアノス,暗礁海域,船の墓場,暗礁海域,103400,蛇玉,骨,弓輝,術輝,術魔,術猛火,,,,,,
93000305,フリクエ1部,オケアノス,潮目の海,自由の海原,潮目の海,103500,八連,証,弓輝,狂輝,狂魔,,,,,,,
93000306,フリクエ1部,オケアノス,翼竜の島,竜たちの楽園,翼竜の島,103600,牙,騎輝,騎魔,騎猛火,,,,,,,,
93000310,フリクエ1部,オケアノス,カルデラの島,人跡未踏の島,カルデラの島,103700,蹄鉄,種,剣輝,騎輝,,,,,,,,
93000307,フリクエ1部,オケアノス,嵐の海域,さまよえる幽霊船,嵐の海域,103800,ランタン,殺輝,,,,,,,,,,
93000308,フリクエ1部,オケアノス,群島,静かな入り江,群島,103900,牙,証,塵,術ピ,狂ピ,術モ,狂モ,剣輝,,,,
93000312,フリクエ1部,オケアノス,群島,隠された島,隠された島,104000,貝殻,剣輝,剣魔,剣猛火,,,,,,,,
93000311,フリクエ1部,オケアノス,豊かな海,秘密航路,豊かな海,104100,羽根,種,剣輝,槍輝,弓魔,槍魔,,,,,,
93000401,フリクエ1部,ロンドン,オールドストリート,霧と馬車とガス灯,オールドストリート,104200,歯車,殺輝,,,,,,,,,,
93000402,フリクエ1部,ロンドン,ホワイトチャペル,貧民窟,ホワイトチャペル,104300,歯車,塵,殺ピ,殺モ,殺輝,殺魔,,,,,,
93000403,フリクエ1部,ロンドン,シティ・オブ・ロンドン,スクエアマイル,シティ・オブ・ロンドン,104400,ホム,槍輝,,,,,,,,,,
93000404,フリクエ1部,ロンドン,ソーホー,魅惑の繁華街,ソーホー,104500,歯車,ホム,塵,術ピ,術モ,槍輝,殺輝,槍魔,殺魔,槍猛火,,
93000405,フリクエ1部,ロンドン,ウェストミンスター,スコットランドヤード,ウェストミンスター,104600,ホム,塵,術ピ,術モ,槍輝,槍魔,槍猛火,,,,,
93000406,フリクエ1部,ロンドン,リージェントパーク,王室の狩場,リージェントパーク,104700,歯車,頁,剣輝,術輝,剣魔,,,,,,,
93000407,フリクエ1部,ロンドン,クラーケンウェル,癒しの井戸,クラーケンウェル,104800,歯車,骨,剣輝,殺輝,殺魔,殺秘,殺猛火,,,,,
93000408,フリクエ1部,ロンドン,サザーク,バラマーケット,サザーク,104900,ホム,骨,弓輝,槍輝,槍魔,槍猛火,,,,,,
93000409,フリクエ1部,ロンドン,ハイドパーク,水晶宮の残影,ハイドパーク,105000,頁,骨,槍輝,術輝,術魔,術秘,術猛火,,,,,
93000501,フリクエ1部,北米,ブラックヒルズ,聖なる山,ブラックヒルズ,105100,歯車,弓輝,,,,,,,,,,
93000502,フリクエ1部,北米,リバートン,大きな河床,リバートン,105200,証,塵,槍ピ,槍モ,剣輝,弓輝,槍輝,,,,,
93000503,フリクエ1部,北米,デンバー,マイル・ハイ・シティ,デンバー,105300,歯車,塵,槍ピ,槍モ,弓輝,弓魔,,,,,,
93000504,フリクエ1部,北米,デミング,ニューシカゴ,デミング,105400,牙,騎輝,騎魔,騎猛火,,,,,,,,
93000506,フリクエ1部,北米,ダラス,カウタウン・コロシアム,ダラス,105500,証,弓輝,槍輝,,,,,,,,,
93000508,フリクエ1部,北米,アルカトラズ,監獄島,アルカトラズ,105600,証,塵,狂ピ,狂モ,剣輝,槍輝,,,,,,
93000509,フリクエ1部,北米,デモイン,監視砦,デモイン,105700,爪,種,塵,槍ピ,槍モ,殺魔,狂魔,狂猛火,,,,
93000511,フリクエ1部,北米,モントゴメリー,ハート・オブ・ディクシー,モントゴメリー,105800,証,塵,弓ピ,弓モ,弓輝,,,,,,,
93000505,フリクエ1部,北米,ラボック,テキサス・レンジャー,ラボック,105900,脂,証,剣輝,弓輝,殺魔,殺猛火,,,,,,
93000507,フリクエ1部,北米,アレクサンドリア,ウィークス・アイランド,アレクサンドリア,106000,涙石,証,剣輝,弓輝,槍輝,弓魔,弓猛火,,,,,
93000510,フリクエ1部,北米,カーニー,グレートプレーンズ,カーニー,106100,幼角,証,剣輝,槍輝,槍魔,槍猛火,,,,,,
93000512,フリクエ1部,北米,シャーロット,ゴールドラッシュ,シャーロット,106200,証,塵,槍ピ,狂ピ,槍モ,狂モ,弓輝,槍輝,術輝,,,
93000513,フリクエ1部,北米,ワシントン,特別行政区,ワシントン,106300,根,証,剣輝,弓輝,槍輝,術輝,剣秘,剣業火,,,,
93000514,フリクエ1部,北米,シカゴ,ウィンディ・シティ,シカゴ,106400,歯車,弓輝,弓魔,弓秘,弓猛火,,,,,,,
93000601,フリクエ1部,キャメロット,砂嵐の砂漠,神獣の庭,砂嵐の砂漠,106500,スカラベ,骨,剣輝,弓輝,槍輝,術秘,術業火,,,,,
93000602,フリクエ1部,キャメロット,明けの砂丘,灼熱の頂,明けの砂丘,106600,ランプ,蛇玉,術輝,術魔,術猛火,,,,,,,
93000603,フリクエ1部,キャメロット,死の荒野,血沸き肉躍る狂宴,死の荒野,106700,鎖,殺輝,狂輝,,,,,,,,,
93000604,フリクエ1部,キャメロット,東の村,枯れ果てた山稜,東の村,106800,幼角,牙,騎輝,槍魔,槍猛火,,,,,,,
93000605,フリクエ1部,キャメロット,円卓の砦,遊撃騎士隊,円卓の砦,106900,勲章,証,剣輝,槍輝,剣魔,槍魔,剣猛火,槍猛火,,,,
93000606,フリクエ1部,キャメロット,晩鐘廟,死を告げる天使,晩鐘廟,107000,ランタン,殺輝,殺魔,殺猛火,,,,,,,,
93000607,フリクエ1部,キャメロット,西の村跡,無情の残影,西の村跡,107100,塵,殺ピ,殺モ,殺輝,殺猛火,,,,,,,
93000608,フリクエ1部,キャメロット,アトラス院,巨人の穴倉,アトラス院,107200,歯車,頁,弓輝,弓魔,術魔,弓猛火,,,,,,
93000611,フリクエ1部,キャメロット,聖都正門,聖別の門,聖都正門,107300,勲章,剣魔,弓魔,槍魔,剣猛火,弓猛火,槍猛火,,,,,
93000612,フリクエ1部,キャメロット,聖都市街,理想都市,聖都市街,107400,根,八連,証,剣輝,槍輝,剣秘,狂秘,剣業火,狂猛火,,,
93000609,フリクエ1部,キャメロット,隠れ村,夢幻の蜃気楼,隠れ村,107500,ランプ,鎖,殺輝,狂輝,術魔,術猛火,,,,,,
93000613,フリクエ1部,キャメロット,王城,千年王国,王城,107600,勲章,塵,剣ピ,剣モ,剣魔,剣猛火,,,,,,
93000614,フリクエ1部,キャメロット,無の大地,荒涼たる世界,無の大地,107700,蹄鉄,弓輝,騎輝,騎魔,殺魔,弓秘,騎秘,弓猛火,騎猛火,,,
93000610,フリクエ1部,キャメロット,大神殿,太陽王の居城,大神殿,107800,スカラベ,鎖,殺輝,狂輝,術秘,術業火,,,,,,
93000701,フリクエ1部,バビロニア,廃都バビロン,失われた都,廃都バビロン,107900,種,騎輝,騎猛火,,,,,,,,,
93000702,フリクエ1部,バビロニア,北の高台,戦禍の眺望,北の高台,108000,脂,種,騎輝,殺魔,騎猛火,殺猛火,,,,,,
93000703,フリクエ1部,バビロニア,黒い杉の森,魔獣の住処,黒い杉の森,108100,産毛,種,騎輝,騎魔,騎猛火,,,,,,,
93000704,フリクエ1部,バビロニア,高原,旅人の抜け道,高原,108200,種,毒針,槍輝,騎輝,槍猛火,騎猛火,,,,,,
93000705,フリクエ1部,バビロニア,湿原,川間の大地,湿原,108300,蛇玉,毒針,槍輝,弓魔,弓猛火,,,,,,,
93000706,フリクエ1部,バビロニア,ウル,ジャガー・パーク,ウル,108400,爪,種,剣魔,殺魔,狂魔,狂猛火,,,,,,
93000707,フリクエ1部,バビロニア,エリドゥ,王権の地,エリドゥ,108500,牙,騎輝,騎魔,騎猛火,,,,,,,,
93000708,フリクエ1部,バビロニア,観測所,母なる海,観測所,108600,貝殻,剣輝,剣魔,剣猛火,,,,,,,,
93000709,フリクエ1部,バビロニア,葦の原,豊穣祈願,葦の原,108700,毒針,槍輝,槍猛火,,,,,,,,,
93000710,フリクエ1部,バビロニア,クタ,冥界のとば口,クタ,108800,ランタン,殺輝,殺魔,殺猛火,,,,,,,,
93000711,フリクエ1部,バビロニア,北壁,魔獣戦線跡地,北壁,108900,産毛,毒針,槍輝,騎魔,槍猛火,騎猛火,,,,,,
93000712,フリクエ1部,バビロニア,ニップル,天と地の結び目,ニップル,109000,逆鱗,毒針,槍輝,騎秘,槍猛火,騎業火,,,,,,
93000713,フリクエ1部,バビロニア,エビフ山,震える霊峰,エビフ山,109100,胆石,種,狂魔,狂秘,狂猛火,狂業火,,,,,,
93000714,フリクエ1部,バビロニア,鮮血神殿,胎動せし山,鮮血神殿,109200,産毛,種,騎輝,騎魔,騎猛火,,,,,,,
93020101,フリクエ1.5部,新宿,代々木二丁目,雑居ビル街,代々木二丁目,109300,髄液,術輝,術猛火,,,,,,,,,
93020102,フリクエ1.5部,新宿,国道20号,テリトリー,国道20号,109400,髄液,塵,弓輝,弓魔,弓猛火,,,,,,,
93020103,フリクエ1.5部,新宿,新宿駅,コンクリートダンジョン,新宿駅,109500,髄液,弓輝,弓魔,弓猛火,,,,,,,,
93020104,フリクエ1.5部,新宿,新宿四丁目,ホテル街,新宿四丁目,109600,爪,髄液,術輝,狂秘,術猛火,狂猛火,,,,,,
93020105,フリクエ1.5部,新宿,歌舞伎町,不夜城,歌舞伎町,109700,歯車,塵,殺魔,殺猛火,狂猛火,,,,,,,
93020106,フリクエ1.5部,新宿,バレルタワー,ライフリングホール,バレルタワー,109800,歯車,殺魔,殺猛火,,,,,,,,,
93020107,フリクエ1.5部,新宿,パーティー会場,キリングパーティー,パーティー会場,109900,歯車,髄液,塵,弓輝,弓魔,殺魔,弓猛火,殺猛火,,,,
93020108,フリクエ1.5部,新宿,タワー最上階,ブリーチローダー,タワー最上階,110000,根,歯車,殺魔,剣秘,剣業火,殺猛火,,,,,,
93020109,フリクエ1.5部,新宿,新宿御苑,デモンズガーデン,新宿御苑,110100,心臓,髄液,術輝,術秘,術猛火,術業火,,,,,,
93020110,フリクエ1.5部,新宿,新宿二丁目,レインボータウン,新宿二丁目,110200,涙石,頁,術輝,弓魔,術魔,術秘,弓猛火,術猛火,,,,
93020201,フリクエ1.5部,アガルタ,地底平原,苔照らす野原,地底平原,110300,爪,牙,騎輝,狂秘,狂猛火,,,,,,,
93020202,フリクエ1.5部,アガルタ,野営地,戦士の狩り場,野営地,110400,幼角,羽根,種,槍輝,槍魔,槍猛火,,,,,,
93020203,フリクエ1.5部,アガルタ,川辺の町,アマゾネスの宴,川辺の町,110500,羽根,種,剣輝,剣魔,剣秘,剣猛火,,,,,,
93020204,フリクエ1.5部,アガルタ,桃源郷,夢想の里,桃源郷,110600,八連,狂輝,狂魔,狂秘,狂猛火,,,,,,,
93020205,フリクエ1.5部,アガルタ,イース,背徳の都,イース,110700,証,塵,騎輝,騎猛火,,,,,,,,
93020206,フリクエ1.5部,アガルタ,北の断崖,罪人捨て場,北の断崖,110800,脂,鎖,殺魔,殺猛火,,,,,,,,
93020207,フリクエ1.5部,アガルタ,不夜城,眠らぬ街,不夜城,110900,鎖,塵,殺魔,殺猛火,,,,,,,,
93020208,フリクエ1.5部,アガルタ,山裾の密林,ジャングルハイキング,山裾の密林,111000,羽根,種,牙,弓輝,騎輝,弓魔,騎魔,騎猛火,,,,
93020210,フリクエ1.5部,アガルタ,竜宮城,湖中楼閣,竜宮城,111100,神酒,証,騎輝,弓秘,弓業火,,,,,,,
93020209,フリクエ1.5部,アガルタ,地底大河,ジャングルクルーズ,地底大河,111200,羽根,種,弓輝,槍魔,槍秘,槍猛火,,,,,,
93020211,フリクエ1.5部,アガルタ,エルドラド,黄金郷,エルドラド,111300,種,塵,剣輝,狂猛火,,,,,,,,
93020212,フリクエ1.5部,アガルタ,大地の裂け目,ダイヤモンドの谷,大地の裂け目,111400,蛇玉,術魔,術秘,術猛火,,,,,,,,
93020301,フリクエ1.5部,下総国,田んぼ,田園風景,田んぼ,111500,種,ランタン,槍輝,殺輝,槍猛火,殺猛火,,,,,,
93020302,フリクエ1.5部,下総国,里,寂寂たる集落,里,111600,勾玉,種,塵,槍輝,剣魔,剣猛火,槍猛火,,,,,
93020303,フリクエ1.5部,下総国,庵,千手千眼,庵,111700,勾玉,ランタン,殺輝,剣魔,剣猛火,殺猛火,,,,,,
93020304,フリクエ1.5部,下総国,城下町,栄枯盛衰,城下町,111800,勾玉,剣魔,剣猛火,,,,,,,,,
93020305,フリクエ1.5部,下総国,合戦場,兵どもが夢の跡,合戦場,111900,勾玉,骨,塵,剣輝,剣魔,剣猛火,弓猛火,,,,,
93020306,フリクエ1.5部,下総国,土気城,貴船の城,土気城,112000,神酒,勾玉,塵,剣魔,槍秘,剣猛火,槍業火,殺猛火,,,,
93020307,フリクエ1.5部,下総国,裏山,名もなき霊峰,裏山,112100,勾玉,八連,塵,剣魔,狂魔,剣猛火,狂猛火,,,,,
93020308,フリクエ1.5部,下総国,荒川の原,古戦場,荒川の原,112200,胆石,勾玉,塵,剣魔,狂秘,剣猛火,騎猛火,狂業火,,,,
93020309,フリクエ1.5部,下総国,裏山,戦戦恐恐,戦戦恐恐,112300,鏡,ランタン,殺秘,殺輝,殺猛火,殺業火,,,,,,
93020401,フリクエ1.5部,セイレム,静寂な森,ループステリトリー,静寂な森,112400,種,騎輝,,,,,,,,,,
93020402,フリクエ1.5部,セイレム,カーター家,クロウズネスト,カーター家,112500,心臓,鉄杭,殺魔,術秘,術業火,殺猛火,,,,,,
93020403,フリクエ1.5部,セイレム,公会堂,コートルーム,公会堂,112600,羽根,術魔,術猛火,,,,,,,,,
93020404,フリクエ1.5部,セイレム,波止場,ダービーワーフ,波止場,112700,羽根,鎖,殺輝,術魔,術猛火,,,,,,,
93020406,フリクエ1.5部,セイレム,ウェイトリー家,アルケミックフィールド,ウェイトリー家,112800,ホム,槍輝,槍魔,槍猛火,,,,,,,,
93020405,フリクエ1.5部,セイレム,郊外の屋敷,セブンゲイブルズ,郊外の屋敷,112900,鉄杭,鎖,殺輝,狂輝,狂猛火,,,,,,,
93020408,フリクエ1.5部,セイレム,ガローの丘,エクスキューションサイト,ガローの丘,113000,鉄杭,狂輝,殺魔,殺猛火,狂猛火,,,,,,,
93020407,フリクエ1.5部,セイレム,牧草地,コモンズビュー,牧草地,113100,種,鉄杭,騎輝,狂輝,狂猛火,,,,,,,
93020410,フリクエ1.5部,セイレム,空き家,ピューリティドメイン,空き家,113200,羽根,鉄杭,狂輝,術魔,術猛火,,,,,,,
93020409,フリクエ1.5部,セイレム,隠れ家,セーフハウス,隠れ家,113300,羽根,種,騎輝,術魔,術猛火,,,,,,,
93020411,フリクエ1.5部,セイレム,留置所,ウィッチダンジョン,留置所,113400,ランプ,牙,剣輝,術魔,術猛火,,,,,,,
93030201,フリクエ2部,アナスタシア,アンカーポイント,ルーシ高地,アンカーポイント,113500,幼角,毒針,槍輝,槍魔,槍猛火,,,,,,,
93030202,フリクエ2部,アナスタシア,ヤガ・スモレンスク,獣の街,ヤガ・スモレンスク,113600,火薬,剣輝,殺輝,剣猛火,,,,,,,,
93030203,フリクエ2部,アナスタシア,風穴氷窟,地下冷凍庫,風穴氷窟,113700,貝殻,毒針,槍輝,狂輝,槍猛火,,,,,,,
93030204,フリクエ2部,アナスタシア,叛逆軍の砦,崖上の城塞,叛逆軍の砦,113800,幼角,火薬,剣輝,槍魔,槍猛火,,,,,,,
93030205,フリクエ2部,アナスタシア,ヤガ・スィチョーフカ,梟の村,ヤガ・スィチョーフカ,113900,種,火薬,弓輝,狂魔,弓猛火,,,,,,,
93030206,フリクエ2部,アナスタシア,焼き払われた村,雪に沈む焼け跡,焼き払われた村,114000,貝殻,火薬,剣輝,狂輝,剣猛火,,,,,,,
93030207,フリクエ2部,アナスタシア,ヤガ・ヴャジマ,見捨てられた村,ヤガ・ヴャジマ,114100,毒針,火薬,槍輝,殺輝,殺猛火,,,,,,,
93030208,フリクエ2部,アナスタシア,ヤガ・ジェメンスク,辺境の村,ヤガ・ジェメンスク,114200,幼角,結氷,槍魔,殺魔,槍猛火,殺猛火,,,,,,
93030209,フリクエ2部,アナスタシア,ヤガ・トゥーラ,悴む教会,ヤガ・トゥーラ,114300,結氷,塵,火薬,弓輝,殺魔,殺猛火,,,,,,
93030210,フリクエ2部,アナスタシア,潰れた村,巨象の足跡,潰れた村,114400,結氷,貝殻,狂輝,殺魔,殺猛火,,,,,,,
93030212,フリクエ2部,アナスタシア,ヤガ・モスクワ,眠れる都,ヤガ・モスクワ,114500,結氷,殺魔,殺猛火,,,,,,,,,
93030211,フリクエ2部,アナスタシア,大渓谷の砦,雪渓の城塞,大渓谷の砦,114600,神酒,塵,火薬,殺輝,殺秘,殺業火,狂猛火,,,,,
93030213,フリクエ2部,アナスタシア,大樹の根元,裂けた凍土,大樹の根元,114700,結氷,毒針,塵,槍輝,殺魔,術猛火,殺猛火,,,,,
93030214,フリクエ2部,アナスタシア,ヤガ・リャザン,牢獄跡,ヤガ・リャザン,114800,爪,結氷,殺魔,狂秘,殺猛火,狂猛火,,,,,,
93030301,フリクエ2部,ゲッテルデメルング,ランディングポイント,穏やかな雪原,ランディングポイント,114900,産毛,種,塵,殺魔,殺輝,剣猛火,殺猛火,,,,,
93030302,フリクエ2部,ゲッテルデメルング,薄氷の丘,銀世界,薄氷の丘,115000,指輪,種,狂魔,殺輝,殺猛火,,,,,,,
93030303,フリクエ2部,ゲッテルデメルング,巨人の花園,炎と氷の狭間,巨人の花園,115100,指輪,狂魔,狂猛火,,,,,,,,,
93030304,フリクエ2部,ゲッテルデメルング,第23集落,クローズドシェルター,第23集落,115200,オーロラ,種,騎魔,殺輝,騎猛火,殺猛火,,,,,,
93030305,フリクエ2部,ゲッテルデメルング,英雄の穴倉,皇帝の寝床,英雄の穴倉,115300,指輪,八連,狂秘,狂魔,狂猛火,,,,,,,
93030306,フリクエ2部,ゲッテルデメルング,雪と氷の城,氷の架け橋,雪と氷の城,115400,オーロラ,騎魔,騎猛火,,,,,,,,,
93030307,フリクエ2部,ゲッテルデメルング,果てへと至る道,絶佳峡谷,果てへと至る道,115500,産毛,指輪,殺魔,狂魔,殺猛火,狂猛火,,,,,,
93030308,フリクエ2部,ゲッテルデメルング,炎の館,霜息吹く山脈,炎の館,115600,オーロラ,指輪,騎魔,狂魔,騎猛火,狂猛火,,,,,,
93030309,フリクエ2部,ゲッテルデメルング,第67集落,クローンシェルター,第67集落,115700,産毛,オーロラ,騎魔,殺魔,騎猛火,殺猛火,,,,,,
93030310,フリクエ2部,ゲッテルデメルング,北の境界,限界領域,北の境界,115800,指輪,塵,狂魔,槍猛火,狂猛火,,,,,,,
93030311,フリクエ2部,ゲッテルデメルング,忘れられた神殿,死せる戦士たちの武器庫,忘れられた神殿,115900,根,オーロラ,剣秘,騎魔,剣業火,騎猛火,,,,,,
93030401,フリクエ2部,シン,シーディングポイント,収穫日和,シーディングポイント,116000,歯車,毒針,槍輝,騎輝,槍猛火,騎猛火,,,,,,
93030402,フリクエ2部,シン,隣村,凄凄切切,隣村,116100,指輪,毒針,狂魔,槍輝,槍猛火,,,,,,,
93030403,フリクエ2部,シン,氷冷窟,虎穴虎子,氷冷窟,116200,神酒,種,殺秘,殺輝,殺猛火,殺業火,,,,,,
93030404,フリクエ2部,シン,芥の陣幕,ヒナゲシの園,芥の陣幕,116300,指輪,歯車,塵,狂魔,騎輝,剣猛火,狂猛火,,,,,
93030405,フリクエ2部,シン,景陽原,仰天不愧,景陽原,116400,炉心,指輪,塵,弓魔,狂魔,弓猛火,狂猛火,,,,,
93030406,フリクエ2部,シン,山陽丘,有朋遠来,山陽丘,116500,炉心,毒針,塵,弓魔,槍輝,槍猛火,弓猛火,騎猛火,,,,
93030407,フリクエ2部,シン,収容所,青天白日,収容所,116600,炉心,鈴,弓魔,殺魔,弓猛火,殺猛火,,,,,,
93030408,フリクエ2部,シン,石泉峡,水紫山明,石泉峡,116700,炉心,歯車,弓魔,騎輝,弓猛火,,,,,,,
93030409,フリクエ2部,シン,大坪峪,白黒分明,大坪峪,116800,鈴,歯車,殺魔,騎輝,殺猛火,,,,,,,
93030410,フリクエ2部,シン,咸陽,鳳鳴朝陽,咸陽,116900,炉心,鈴,塵,弓魔,殺魔,槍猛火,弓猛火,殺猛火,,,,
93030411,フリクエ2部,シン,八門洞,地下鍛練場,八門洞,117000,鈴,殺魔,殺猛火,,,,,,,,,
93030501,フリクエ2部,ユガ・クシェートラ,イニシエートポイント,修行の旅路,イニシエートポイント,117100,幼角,矢尻,槍魔,狂輝,槍猛火,,,,,,,
93030502,フリクエ2部,ユガ・クシェートラ,ビーチュ,信心深き町,ビーチュ,117200,矢尻,羽根,塵,術魔,狂輝,弓猛火,術猛火,,,,,
93030503,フリクエ2部,ユガ・クシェートラ,隠遁窟,瞑想の岩屋,隠遁窟,117300,脂,矢尻,殺魔,狂輝,殺猛火,,,,,,,
93030504,フリクエ2部,ユガ・クシェートラ,北の霊峰,悟りの頂,北の霊峰,117400,卵,塵,鎖,槍秘,狂輝,槍業火,狂猛火,,,,,
93030505,フリクエ2部,ユガ・クシェートラ,西の断層,祈りの広場,西の断層,117500,爪,矢尻,騎魔,狂輝,騎猛火,,,,,,,
93030506,フリクエ2部,ユガ・クシェートラ,ディーヴァール,壁の村,ディーヴァール,117600,卵,矢尻,槍秘,狂輝,槍業火,,,,,,,
93030507,フリクエ2部,ユガ・クシェートラ,神の空岩跡,悪魔の縄張り,神の空岩跡,117700,矢尻,狂魔,狂輝,狂猛火,,,,,,,,
93030508,フリクエ2部,ユガ・クシェートラ,南の町,癒されし町,南の町,117800,矢尻,塵,鎖,狂魔,狂輝,術猛火,狂猛火,,,,,
93030509,フリクエ2部,ユガ・クシェートラ,無窮の地,大龍の寝床,無窮の地,117900,卵,羽根,塵,槍秘,術魔,槍業火,術猛火,,,,,
93030510,フリクエ2部,ユガ・クシェートラ,東の花園,デーヴァローカ,東の花園,118000,ランプ,羽根,術魔,術猛火,,,,,,,,
93030601,フリクエ2部,アトランティス,セーリングポイント,幻の海洋,セーリングポイント,118100,カケラ,貝殻,騎秘,剣輝,剣猛火,騎業火,,,,,,
93030602,フリクエ2部,アトランティス,ヘスティア島,焚火の海辺,ヘスティア島,118200,神酒,冠,弓秘,殺魔,狂魔,弓業火,殺猛火,,,,,
93030603,フリクエ2部,アトランティス,ヘカテ島,三叉の野原,ヘカテ島,118300,爪,冠,狂魔,狂猛火,,,,,,,,
93030604,フリクエ2部,アトランティス,デイモス島,恐怖の荒野,デイモス島,118400,スカラベ,冠,術秘,剣魔,剣猛火,術業火,,,,,,
93030605,フリクエ2部,アトランティス,アストライア島,正義の神殿,アストライア島,118500,根,冠,塵,剣秘,剣魔,剣猛火,剣業火,,,,,
93030606,フリクエ2部,アトランティス,テティス島,母なる砂浜,テティス島,118600,炉心,蛇玉,槍魔,術魔,槍猛火,術猛火,,,,,,
93030607,フリクエ2部,アトランティス,エリス島,争いの平原,エリス島,118700,炉心,冠,塵,槍魔,狂魔,槍猛火,弓猛火,狂猛火,,,,
93030608,フリクエ2部,アトランティス,ネメシス島,神罰の荒海,ネメシス島,118800,カケラ,冠,騎秘,狂魔,騎業火,狂猛火,,,,,,
93030609,フリクエ2部,アトランティス,タナトス島,死の祭壇,タナトス島,118900,冠,剣魔,殺魔,狂魔,剣猛火,殺猛火,狂猛火,,,,,
93030701,フリクエ2部,オリュンポス,グライディングポイント,人知れぬ辺境,グライディングポイント,119000,爪,蛇玉,術魔,狂魔,術猛火,狂猛火,,,,,,
93030702,フリクエ2部,オリュンポス,星間都市西部,大神殿を望む都,星間都市西部,119100,実,炉心,槍魔,槍猛火,,,,,,,,
93030703,フリクエ2部,オリュンポス,星間都市南部,大地と豊穣の都,星間都市南部,119200,実,霊子,槍魔,殺魔,槍猛火,殺猛火,,,,,,
93030704,フリクエ2部,オリュンポス,星間都市東部,美と愛の都,星間都市東部,119300,実,八連,狂秘,槍魔,狂輝,槍猛火,狂猛火,,,,,
93030706,フリクエ2部,オリュンポス,大工房,黎明の鍛冶場,大工房,119400,神酒,霊子,塵,弓秘,殺魔,剣猛火,弓業火,殺猛火,,,,
93030705,フリクエ2部,オリュンポス,破神同盟基地,アンダー・フロント,破神同盟基地,119500,炉心,霊子,槍魔,殺魔,槍猛火,殺猛火,,,,,,
93030707,フリクエ2部,オリュンポス,祭壇街,神の膝元,祭壇街,119600,実,蛇玉,槍魔,術魔,槍猛火,術猛火,,,,,,
93030708,フリクエ2部,オリュンポス,空中庭園,神々の庭,空中庭園,119700,カケラ,霊子,騎秘,殺魔,騎業火,殺猛火,,,,,,
93030709,フリクエ2部,オリュンポス,機神回廊,巨神の通り道,機神回廊,119800,カケラ,蛇玉,騎秘,術魔,騎業火,術猛火,,,,,,
93030710,フリクエ2部,オリュンポス,大祭壇,神託の祭壇,大祭壇,119900,霊子,蛇玉,塵,術魔,殺魔,騎猛火,術猛火,殺猛火,,,,
93030711,フリクエ2部,オリュンポス,地下機構帯・外周部,シークレット・ハンガー,地下機構帯・外周部,120000,霊子,殺魔,殺猛火,,,,,,,,,
93030801,フリクエ2部,平安京,七条四坊,侍従池領,七条四坊,120100,鏡,糸玉,殺秘,槍魔,槍猛火,殺業火,,,,,,
93030802,フリクエ2部,平安京,七条二坊,西七条,七条二坊,120200,脂,糸玉,塵,槍魔,殺魔,剣猛火,槍猛火,殺猛火,,,,
93030803,フリクエ2部,平安京,六条大路,引き回しの刑,六条大路,120300,糸玉,勾玉,剣魔,槍魔,剣猛火,槍猛火,,,,,,
93030804,フリクエ2部,平安京,貴族邸,中川のわたり,貴族邸,120400,鏡,頁,殺秘,術魔,殺業火,,,,,,,
93030805,フリクエ2部,平安京,朱雀門,天子南面,朱雀門,120500,鬼灯,勾玉,狂秘,剣魔,剣猛火,狂業火,,,,,,
93030806,フリクエ2部,平安京,平安宮,宴の松原,平安宮,120600,鏡,勾玉,殺秘,剣魔,剣猛火,殺業火,,,,,,
93030807,フリクエ2部,平安京,朱雀大路,千本通,朱雀大路,120700,糸玉,ランタン,槍魔,殺輝,槍猛火,殺猛火,,,,,,
93030808,フリクエ2部,平安京,稲荷神社,狐のほら穴,稲荷神社,120800,卵,歯車,槍秘,剣魔,剣輝,槍業火,,,,,,
93030809,フリクエ2部,平安京,大宮大路,百鬼夜行,大宮大路,120900,鬼灯,塵,骨,狂秘,狂輝,狂猛火,狂業火,,,,,
93030810,フリクエ2部,平安京,頼光の屋敷,一条邸,頼光の屋敷,121000,鏡,牙,殺秘,殺輝,殺業火,,,,,,,
93030811,フリクエ2部,平安京,五条の橋,出会い橋,五条の橋,121100,糸玉,槍魔,槍猛火,,,,,,,,,
93030812,フリクエ2部,平安京,大江山,鬼の棲み処,大江山,121200,鬼灯,骨,狂秘,狂輝,狂業火,,,,,,,
93030813,フリクエ2部,平安京,三条三坊,鬼の遊び場,三条三坊,121300,鬼灯,糸玉,狂秘,槍魔,槍猛火,狂業火,,,,,,
93031000,フリクエ2部,アヴァロン,霧の海岸,忘れじの砂浜,霧の海岸,121400,小鐘,騎魔,術魔,殺魔,狂魔,騎猛火,術猛火,殺猛火,狂猛火,,,
93031001,フリクエ2部,アヴァロン,コーンウォールの村,名なしの森,コーンウォールの村,121500,鱗粉,種,剣魔,騎輝,剣猛火,,,,,,,
93031002,フリクエ2部,アヴァロン,ソールズベリー,トゥインクルカテドラル,ソールズベリー,121600,ランプ,勲章,剣魔,弓魔,術魔,剣猛火,弓猛火,術猛火,,,,
93031003,フリクエ2部,アヴァロン,グロスター,フェアリーズオークション,グロスター,121700,逆鱗,塵,小鐘,騎秘,狂輝,弓猛火,騎業火,狂猛火,,,,
93031004,フリクエ2部,アヴァロン,涙の河,願いの淵,涙の河,121800,貝殻,小鐘,剣魔,狂魔,剣猛火,狂猛火,,,,,,
93031005,フリクエ2部,アヴァロン,ノリッジ,鉄の街、煤の海,ノリッジ,121900,根,鱗粉,剣秘,剣魔,剣猛火,剣業火,,,,,,
93031006,フリクエ2部,アヴァロン,キャメロット,赦免の城,キャメロット,122000,鱗粉,勲章,塵,槍魔,術魔,槍猛火,術猛火,狂猛火,,,,
93031007,フリクエ2部,アヴァロン,ロンディニウム,希望の廃都,ロンディニウム,122100,鱗粉,剣魔,術魔,剣猛火,術猛火,,,,,,,
93031008,フリクエ2部,アヴァロン,マンチェスター,弱肉強食,マンチェスター,122200,鱗粉,塵,術魔,殺魔,剣猛火,術猛火,殺猛火,,,,,
93031012,フリクエ2部,アヴァロン,エディンバラ,スイーツキッチン,エディンバラ,122300,指輪,証,狂魔,槍輝,,,,,,,,
93031013,フリクエ2部,アヴァロン,ニュー・ダーリントン,カルネージシアター,ニュー・ダーリントン,122400,羽根,小鐘,騎魔,狂輝,騎猛火,狂猛火,,,,,,
93031009,フリクエ2部,アヴァロン,湖水地方,境界の森,湖水地方,122500,塵,小鐘,騎魔,術魔,殺魔,狂魔,槍猛火,騎猛火,術猛火,殺猛火,狂猛火,
93031010,フリクエ2部,アヴァロン,果ての海岸,大地の果て,果ての海岸,122600,小鐘,証,騎魔,術魔,殺魔,狂魔,槍輝,騎猛火,術猛火,殺猛火,狂猛火,
93031011,フリクエ2部,アヴァロン,オークニー,雨の都,オークニー,122700,勲章,小鐘,弓魔,騎魔,術魔,殺魔,狂魔,弓猛火,騎猛火,術猛火,殺猛火,狂猛火
93031014,フリクエ2部,アヴァロン,オックスフォード,レストランストリート,オックスフォード,122800,鱗粉,小鐘,剣魔,狂魔,剣猛火,狂猛火,,,,,,
93031015,フリクエ2部,アヴァロン,ドーバーハウス,ドーバーハウス,ドーバーハウス,122900,鱗粉,貝殻,術魔,剣輝,剣猛火,術猛火,,,,,,
93031201,フリクエ2部,トラオム,狭間の街,陣地作成,狭間の街,123000,灰,剣,殺魔,狂魔,殺猛火,狂猛火,,,,,,
93031202,フリクエ2部,トラオム,暁の平原,愚者の分かれ道,暁の平原,123100,勾玉,灰,剣魔,術魔,剣猛火,術猛火,,,,,,
93031203,フリクエ2部,トラオム,中つ森,三界分立,中つ森,123200,爪,剣,槍魔,術魔,狂魔,槍猛火,術猛火,狂猛火,,,,
93031204,フリクエ2部,トラオム,薄暮れの森,隠者の逃げ道,薄暮れの森,123300,勲章,灰,剣魔,殺魔,狂魔,剣猛火,殺猛火,狂猛火,,,,
93031205,フリクエ2部,トラオム,天嶮山脈,要害の砦,天嶮山脈,123400,神酒,羽根,槍秘,術魔,槍業火,術猛火,,,,,,
93031206,フリクエ2部,トラオム,王道界域拠点,遍歴の都,王道界域拠点,123500,羽根,剣,剣魔,殺魔,狂魔,剣猛火,殺猛火,狂猛火,,,,
93031207,フリクエ2部,トラオム,クサンテンの塔,月光大砲増幅装置,クサンテンの塔,123600,灰,剣,弓魔,術魔,弓猛火,術猛火,,,,,,
93031208,フリクエ2部,トラオム,アツァガウク砦,傀儡の根城,アツァガウク砦,123700,鏡,歯車,塵,殺秘,騎輝,術猛火,殺業火,,,,,
93031209,フリクエ2部,トラオム,湖畔の平原,柔らかな残響,湖畔の平原,123800,種,剣,弓魔,騎魔,騎輝,弓猛火,騎猛火,,,,,
93031213,フリクエ2部,トラオム,復讐界域拠点,真紅の絢爛と漆黒の狂気,復讐界域拠点,123900,塵,灰,剣魔,術魔,狂魔,剣猛火,術猛火,狂猛火,,,,
93031214,フリクエ2部,トラオム,ライヘンバッハ,失落の滝,ライヘンバッハ,124000,灰,剣,槍魔,騎魔,槍猛火,騎猛火,,,,,,
93031210,フリクエ2部,トラオム,シルミウム,一夜要塞,シルミウム,124100,剣,剣魔,騎魔,剣猛火,騎猛火,,,,,,,
93031211,フリクエ2部,トラオム,復権界域拠点,贖罪の都,復権界域拠点,124200,塵,剣,弓魔,騎魔,弓猛火,騎猛火,,,,,,
93031212,フリクエ2部,トラオム,門前の平原,空赤き大地,門前の平原,124300,胆石,灰,殺秘,弓魔,殺魔,狂魔,弓猛火,殺猛火,殺業火,狂猛火,,
93031215,フリクエ2部,トラオム,果ての荒野,未確認領域,果ての荒野,124400,神酒,ホム,弓秘,槍魔,槍輝,槍猛火,弓業火,,,,,
93031216,フリクエ2部,トラオム,ヨウィヌス砦,外壁補修中,ヨウィヌス砦,124500,灰,槍魔,騎魔,狂魔,槍猛火,騎猛火,狂猛火,,,,,
93031301,フリクエ2部,ナウイ・ミクトラン,チコモストク,七つの洞窟,チコモストク,124600,爪,刃,狂魔,弓輝,狂猛火,,,,,,,
93031302,フリクエ2部,ナウイ・ミクトラン,賢者の隠れ家,星詠みの丘,賢者の隠れ家,124700,皮,羽根,騎魔,騎輝,騎猛火,,,,,,,
93031303,フリクエ2部,ナウイ・ミクトラン,トウモロコシ畑,大いなる太陽の恵み,トウモロコシ畑,124800,皮,蛇玉,槍魔,狂魔,槍輝,槍猛火,狂猛火,,,,,
93031304,フリクエ2部,ナウイ・ミクトラン,トラトラウキ,終わりなき河,トラトラウキ,124900,矢尻,塵,狂魔,狂輝,狂猛火,,,,,,,
93031305,フリクエ2部,ナウイ・ミクトラン,大平原,実りある大平原,大平原,125000,皮,刃,殺魔,剣輝,殺猛火,,,,,,,
93031306,フリクエ2部,ナウイ・ミクトラン,チチェン・イツァー,黄金都市,チチェン・イツァー,125100,塵,刃,剣輝,弓輝,殺猛火,,,,,,,
93031307,フリクエ2部,ナウイ・ミクトラン,クラッシュポイント,ジャガーフォース,クラッシュポイント,125200,刃,狂魔,剣輝,弓輝,狂猛火,,,,,,,
93031308,フリクエ2部,ナウイ・ミクトラン,イスタウキ,刃と風の谷,イスタウキ,125300,八連,塵,骨,狂魔,狂輝,剣猛火,狂猛火,,,,,
93031309,フリクエ2部,ナウイ・ミクトラン,メヒコシティ,血と鳥の湖,メヒコシティ,125400,皮,塵,刃,狂魔,剣輝,狂猛火,,,,,,
93031310,フリクエ2部,ナウイ・ミクトラン,カーンの廃墟,神話の王国,カーンの廃墟,125500,刃,鉄杭,狂魔,狂輝,狂猛火,,,,,,,
93031311,フリクエ2部,ナウイ・ミクトラン,ソソアウワキ,銀河砂丘,ソソアウワキ,125600,神酒,胆石,塵,弓秘,殺秘,槍猛火,弓業火,殺業火,,,,
93031312,フリクエ2部,ナウイ・ミクトラン,メツィティトラン,歌うイルゥイカ・アトル,メツィティトラン,125700,皮,矢尻,狂魔,狂輝,狂猛火,,,,,,,
93031313,フリクエ2部,ナウイ・ミクトラン,ヤヤウキ,太陽なき地底山脈,ヤヤウキ,125800,ランタン,骨,殺魔,弓輝,槍輝,殺猛火,,,,,,
93031314,フリクエ2部,ナウイ・ミクトラン,カラクムル,水の廃都,カラクムル,125900,皮,骨,術秘,狂魔,術業火,狂猛火,,,,,,
93031315,フリクエ2部,ナウイ・ミクトラン,ティカル遺跡,コウモリの宮殿,ティカル遺跡,126000,刃,骨,術秘,狂魔,剣輝,弓輝,術業火,狂猛火,,,,
93031316,フリクエ2部,ナウイ・ミクトラン,焼きモロコシ畑,神の肉,焼きモロコシ畑,126100,皮,騎魔,殺魔,騎猛火,殺猛火,,,,,,,
93040101,奏章,オーディール・コール,ロシアエリア,凍土の試練,ロシアエリア,126200,結氷,火薬,,,,,,,,,,
93040102,奏章,オーディール・コール,東欧エリア,悪夢のカボチャ,東欧エリア,126300,術ピ,,,,,,,,,,,
93040103,奏章,オーディール・コール,ハワイエリア,常夏の休暇,ハワイエリア,126400,貝殻,羽根,,,,,,,,,,
94095301,奏章,オーディール・コール,ハワイエリア,常夏即売会場,常夏即売会場,126410,頁,証,,,,,,,,,,
93040105,奏章,オーディール・コール,オセアニア北部エリア,大堡礁の卵,オセアニア北部エリア,126500,騎輝,術輝,殺輝,狂輝,,,,,,,,
94086601,奏章,オーディール・コール,北欧エリア,残された神話,北欧エリア,126600,オーロラ,指輪,,,,,,,,,,
94086602,奏章,オーディール・コール,カリブ海エリア,高貴なる海賊,カリブ海エリア,126700,騎ピ,,,,,,,,,,,
94089601,奏章,オーディール・コール,東アジアエリア,天下の飛将軍,東アジアエリア,126800,炉心,鈴,,,,,,,,,,
94089602,奏章,オーディール・コール,アメリカ南部エリア,蘇る太古のロマン,アメリカ南部エリア,126900,剣輝,弓輝,槍輝,,,,,,,,,
94090701,奏章,オーディール・コール,南アジアエリア,神秘主義者と魂の故郷,南アジアエリア,127000,ランプ,矢尻,鎖,,,,,,,,,
94090702,奏章,オーディール・コール,アフリカ南部エリア,荒野に芽吹く王の花,アフリカ南部エリア,127100,種,,,,,,,,,,,
94093201,奏章,オーディール・コール,北大西洋エリア,光糸導く迷宮,光糸導く迷宮,127200,カケラ,冠,,,,,,,,,,
94093202,奏章,オーディール・コール,北大西洋エリア,久遠の微笑,久遠の微笑,127300,実,,,,,,,,,,,
94095302,奏章,オーディール・コール,アメリカ東部エリア,女神像を求めて,女神像を求めて,127310,狂ピ,,,,,,,,,,,
94100501,奏章,オーディール・コール,オセアニア南部エリア,蛇竜のいたずら,蛇竜のいたずら,127320,逆鱗,蛇玉,,,,,,,,,,
94100502,奏章,オーディール・コール,西アフリカエリア,復活の黄金都市,復活の黄金都市,127330,弓ピ,,,,,,,,,,,
94137201,奏章,オーディール・コール,アラビアエリア,賞金稼ぎに幾光年,賞金稼ぎに幾光年,127340,キューブ,歯車,,,,,,,,,,
94137202,奏章,オーディール・コール,アラビアエリア,月光採掘場,月光採掘場,127350,月光,八連,,,,,,,,,,
93040201,奏章,ペーパームーン,修理部郊外,隔離施設,修理部郊外,127360,エーテル,残滓,狂魔,騎輝,狂猛火,,,,,,,
93040202,奏章,ペーパームーン,修理部本部,救命救急講習,修理部本部,127370,矢尻,塵,残滓,狂魔,狂猛火,,,,,,,
93040203,奏章,ペーパームーン,警防部本部,中央教会,警防部本部,127380,エーテル,騎魔,術魔,騎輝,騎猛火,術猛火,,,,,,
93040204,奏章,ペーパームーン,生産部農地,マテリアルファーム,生産部農地,127390,塵,残滓,狂魔,術猛火,狂猛火,,,,,,,
93040205,奏章,ペーパームーン,警防部広場,警備訓練プログラム,警防部広場,127400,歯車,残滓,狂魔,弓輝,狂猛火,,,,,,,
93040206,奏章,ペーパームーン,維持部本部,バトルキッチン,維持部本部,127410,エーテル,塵,術魔,術輝,槍猛火,術猛火,,,,,,
93040209,奏章,ペーパームーン,維持部モール,屋台ストリート,維持部モール,127420,羽根,塵,騎魔,騎輝,騎猛火,,,,,,,
93040210,奏章,ペーパームーン,構築部本部,デバッギング,構築部本部,127430,残滓,狂魔,狂猛火,,,,,,,,,
93040207,奏章,ペーパームーン,外周部,アンダーコンストラクション,外周部,127440,根,エーテル,剣秘,術魔,狂輝,剣業火,術猛火,,,,,
93040208,奏章,ペーパームーン,移送部本部,ガレージエリア,移送部本部,127450,エーテル,歯車,騎魔,弓輝,騎猛火,,,,,,,
93040211,奏章,ペーパームーン,生産部本部,ビッグストレージ,生産部本部,127460,カケラ,エーテル,騎秘,騎魔,術輝,騎業火,騎猛火,,,,,
93040301,奏章,イド,繁華街,かいもの帰り,かいもの帰り,127470,胆石,花,狂秘,狂魔,狂猛火,狂業火,,,,,,
93040302,奏章,イド,自宅,ないしょの待ち合わせ,ないしょの待ち合わせ,127480,花,狂魔,狂猛火,,,,,,,,,
93040303,奏章,イド,学校,しずかな放課後,しずかな放課後,127490,胆石,勲章,狂秘,剣魔,剣猛火,狂業火,,,,,,
93040304,奏章,イド,学校,ななふしぎ調査,ななふしぎ調査,127500,花,勲章,塵,剣魔,狂魔,剣猛火,騎猛火,術猛火,殺猛火,狂猛火,,
93040305,奏章,イド,学校,とつぜんの呼び出し,とつぜんの呼び出し,127510,花,塵,狂魔,騎猛火,術猛火,殺猛火,狂猛火,,,,,
93040306,奏章,イド,学校,いのこり特訓,いのこり特訓,127520,胆石,花,塵,狂秘,狂魔,騎猛火,術猛火,殺猛火,狂猛火,狂業火,,
93040307,奏章,イド,通学路,いつもの通い道,いつもの通い道,127530,釜,ランタン,弓秘,術輝,弓業火,,,,,,,
93040308,奏章,イド,東京駅,たびだちの駅,たびだちの駅,127540,釜,勲章,塵,弓秘,剣魔,剣猛火,弓業火,騎猛火,術猛火,殺猛火,狂猛火,
93040309,奏章,イド,西新宿,であいの交差点,であいの交差点,127550,釜,骨,弓秘,槍輝,弓業火,,,,,,,
93040310,奏章,イド,西新宿,たたずむ摩天楼,たたずむ摩天楼,127560,スカラベ,ランタン,塵,術秘,術輝,騎猛火,術猛火,術業火,殺猛火,狂猛火,,
93040311,奏章,イド,お台場,あいにくの空模様,あいにくの空模様,127570,釜,種,弓秘,騎輝,弓業火,,,,,,,
93040312,奏章,イド,新宿御苑,バードウォッチング,バードウォッチング,127580,釜,花,弓秘,狂魔,弓業火,狂猛火,,,,,,
93040401,奏章,アーキタイプ・インセプション,ブルジュ・ハリファ,トップ・オブ・ザ・ムーン,トップ・オブ・ザ・ムーン,127590,キューブ,塵,殺魔,殺輝,騎猛火,術猛火,殺猛火,狂猛火,,,,
93040402,奏章,アーキタイプ・インセプション,ダウンタウン,ムーン・ストリート,ムーン・ストリート,127600,キューブ,塵,鎖,殺魔,狂輝,騎猛火,術猛火,殺猛火,狂猛火,,,
93040403,奏章,アーキタイプ・インセプション,オフィス街,コンピューティング・シティ,コンピューティング・シティ,127610,炉心,塵,鎖,弓魔,狂輝,剣猛火,弓猛火,,,,,
93040404,奏章,アーキタイプ・インセプション,マリオンホテル,ラグジュアリー・ビュッフェ,ラグジュアリー・ビュッフェ,127620,キューブ,歯車,弓秘,殺魔,殺輝,弓猛火,殺猛火,,,,,
93040405,奏章,アーキタイプ・インセプション,砂上航路,ワームズ・サンドボックス,ワームズ・サンドボックス,127630,月光,八連,殺秘,狂輝,殺業火,,,,,,,
93040406,奏章,アーキタイプ・インセプション,オールド・ドバイ,ムーン・ウォーキング,ムーン・ウォーキング,127640,月光,髄液,殺秘,弓魔,術魔,弓猛火,殺業火,,,,,
93040407,奏章,アーキタイプ・インセプション,機械工場,マシーナリー・タウン,マシーナリー・タウン,127650,月光,歯車,弓秘,殺秘,弓輝,弓猛火,殺業火,,,,,
93040408,奏章,アーキタイプ・インセプション,コヤン・モール,ムーン・ショッピング,ムーン・ショッピング,127660,キューブ,髄液,塵,弓魔,殺魔,弓猛火,騎猛火,術猛火,殺猛火,狂猛火,,
93040409,奏章,アーキタイプ・インセプション,クリークハーバー,ムーン・クルージング,ムーン・クルージング,127670,炉心,キューブ,騎秘,術秘,殺秘,狂秘,殺魔,騎猛火,術猛火,殺猛火,狂猛火,
93040410,奏章,アーキタイプ・インセプション,ユニットビーチ,スター・ピッキング,スター・ピッキング,127680,月光,蛇玉,弓輝,殺秘,弓猛火,殺業火,,,,,,
93040411,奏章,アーキタイプ・インセプション,クレーター中心部,ケーキテーブル・ガーデン,ケーキテーブル・ガーデン,127690,キューブ,羽根,術魔,殺魔,殺輝,術猛火,殺猛火,,,,,
93040412,奏章,アーキタイプ・インセプション,千年城遊園地,ファンタズム・パレード,ファンタズム・パレード,127700,心臓,皮,塵,術秘,狂魔,騎猛火,術猛火,術業火,殺猛火,狂猛火,,
93040413,奏章,アーキタイプ・インセプション,パーム・ジュメイラ,ムーンバス・アイランド,ムーンバス・アイランド,127710,キューブ,勲章,塵,剣魔,殺魔,剣猛火,騎猛火,術猛火,殺猛火,狂猛火,,
93040414,奏章,アーキタイプ・インセプション,噴水広場,ムーン・ドバイ・ファウンテン,ムーン・ドバイ・ファウンテン,127720,月光,キューブ,殺秘,殺魔,殺猛火,殺業火,,,,,,
93040415,奏章,アーキタイプ・インセプション,特別航路,セレブリティ・ボート,セレブリティ・ボート,127730,キューブ,殺魔,殺猛火,,,,,,,,,
93040501,奏章,トリニティ・メタトロニオス,大法廷,悪しきは罰せよ,悪しきは罰せよ,127740,聖水,レンズ,術秘,弓魔,弓猛火,術業火,,,,,,
93040502,奏章,トリニティ・メタトロニオス,色欲区,色情に染まる街,色情に染まる街,127750,聖水,矢尻,剣魔,狂輝,剣猛火,,,,,,,
93040503,奏章,トリニティ・メタトロニオス,グラナート,住めば都のグラナート,住めば都のグラナート,127760,爪,レンズ,塵,狂魔,弓輝,狂猛火,,,,,,
93040504,奏章,トリニティ・メタトロニオス,暴食区,禁じられた果実の園,禁じられた果実の園,127770,脂,レンズ,弓魔,殺魔,弓輝,弓猛火,殺猛火,,,,,
93040505,奏章,トリニティ・メタトロニオス,アケローン河,亡者の群がる河,亡者の群がる河,127780,幼角,レンズ,結氷,騎魔,弓輝,騎猛火,,,,,,
93040506,奏章,トリニティ・メタトロニオス,色欲圏の街,愛に溺れた罪人たち,愛に溺れた罪人たち,127790,レンズ,鉄杭,弓魔,殺魔,弓輝,弓猛火,殺猛火,,,,,
93040507,奏章,トリニティ・メタトロニオス,暴食圏の城塞,獄犬の縄張り,獄犬の縄張り,127800,カケラ,レンズ,弓秘,弓魔,弓猛火,弓業火,,,,,,
93040508,奏章,トリニティ・メタトロニオス,強欲圏の城塞,可憐な強欲城主,可憐な強欲城主,127810,レンズ,指輪,塵,狂魔,弓輝,剣猛火,槍猛火,弓猛火,,,,
93040509,奏章,トリニティ・メタトロニオス,ステュクス沼,憤怒の集う死沼,憤怒の集う死沼,127820,聖水,残滓,騎秘,狂輝,騎業火,,,,,,,
93040510,奏章,トリニティ・メタトロニオス,暴力圏の街,魅惑の絶対支配,魅惑の絶対支配,127830,聖水,蛇玉,塵,槍魔,術魔,槍輝,槍猛火,弓猛火,術猛火,,,
93040511,奏章,トリニティ・メタトロニオス,罪人の戦場,渦巻く悪意の応酬,渦巻く悪意の応酬,127840,産毛,レンズ,弓魔,騎魔,弓輝,弓猛火,騎猛火,,,,,
93040512,奏章,トリニティ・メタトロニオス,永遠の氷牢,氷原に轟く嘆き,氷原に轟く嘆き,127850,聖水,貝殻,剣秘,弓秘,槍秘,弓魔,狂輝,剣業火,槍業火,弓猛火,弓業火,
93040514,奏章,トリニティ・メタトロニオス,憤怒区,悔悟の祈り,悔悟の祈り,127870,レンズ,弓魔,弓輝,弓猛火,,,,,,,,
